model,type
1b220e0b-d7fa-40a0-8cfd-930a3228c668,Sphere
1346fe51-b6f1-4036-a2c4-cdf84abf6c85,Cone
0b75c9af-3446-4610-973c-f81ad11f660a,Cone
13f0e1de-9b77-429b-b2cf-62b9a7dfb2d5,Sphere
139926b6-ca10-4f77-956c-5d023a3b5ce1,Cone
258d8bad-d2fe-48d2-8ae1-b5767afc2aae,Cone
0f116faf-2e09-4fc0-8bd2-6f6dc0c3f39f,Cone
25e46d20-73a8-469f-ac2e-d44cf747ff57,Cylinder
18ad2d66-36e9-46d4-8607-b6c78075a59d,Cone
2406c758-8ea3-43b6-bc90-d2891e297f30,Cylinder
11721cd0-0866-47bf-8037-c729c4940cc6,Cylinder
1eaf29b6-b627-4a54-820c-96be01f43f71,Cone
0363677f-22cd-43c4-a6d2-d8946dfd3888,Cylinder
0a7675a7-39d8-4228-84c7-ebf9a7e72b6d,Cube
0be42ce8-fe23-4051-9365-939d86c26f2c,Torus.027
1fac13f5-394d-46e1-87ca-6e449a885150,Torus.028
035590d2-9801-485e-b904-6fc877ee3b6b,Cylinder
112b1619-a45e-4e88-8e74-445e1c7e278a,Cube
1f0be9c2-ec83-42c9-a274-19f3241f55ad,Cylinder
04f2dcc9-4bcd-414d-bd76-e967f78e5892,Cube
1a56bde5-5a2a-4e4e-9bec-dc4667cf3ce1,Cone
1c0409f7-3570-4dfe-a374-b3657f14015f,Cylinder
09525cf6-d223-48e0-817f-5b5b2a646a0f,Cylinder
22c19204-2769-4ae0-b802-93804e8d8f58,Cube
14f28102-1722-47d9-8ef5-0115daac1d04,Cube
0183734b-0f65-4224-b619-2b3adcb671de,Cone
21f936d7-23d5-4775-9fdd-ace7dc39d9dd,Cone
0ddaf179-1854-478d-86b6-e7a8e7d67303,Sphere
22208166-e60e-4649-8ad2-c57203a28a3d,Torus.055
0cd42277-4259-4537-ba94-2dfbc1a4d002,Cylinder
0f168e11-c796-4d37-b92f-27239cbf2b04,Cone
240ce531-743c-4bc3-b9a9-751d47a5d769,Torus.066
05bbe038-9f7d-4a43-80e4-eed6e0244aa7,Cylinder
1419b1bf-6422-4bd7-a4f3-7fead9df76f0,Sphere
194f690f-eea8-46d6-856c-c537aae8724b,Cone
260f0351-d7f9-48b6-809e-fbce21fc6107,Cylinder
0c0fa74e-17b4-4268-a2f7-1bc5e7b6ae78,Cone
09983131-6448-4a67-b927-b515b1b56e1a,Cylinder
150a86c2-ab3f-44f0-a2ae-33a5d7c2823e,Cylinder
20bec328-bb5c-4a90-96fe-1e14db28f405,Cone
07a2b718-a620-4394-aa46-b3d92e3566c9,Torus.086
07890a7c-47aa-41a0-9f9b-34cb750100d5,Torus.090
2739e1ff-e514-4d20-8c40-ced30cccbd19,Cube
1c32d828-f264-49a7-a9aa-e5d9b603426f,Cone
1272a65d-db8b-4eee-b1ea-f2f0d0af96cb,Cone
1f868851-f18f-4fd9-8a52-96334b83a52c,Cube
0ca0c244-8039-44e3-af4a-f60efe85ef63,Cone
180ff419-dc0c-490e-b8fa-f2d73f86d130,Sphere
0c5f87d1-212c-427d-92d6-057a23beb206,Torus.103
19947126-709e-4cfc-bab6-064abf2529e7,Cylinder
05501e31-eaa8-4db7-a0e4-0df932be886a,Cylinder
05c49811-723c-4e7a-ad1f-fc8bb16d51f5,Cube
261e5b12-3744-4ccd-ad35-3e9bf28624fc,Torus.111
20bc97de-c897-4da4-a0c1-195a2e8c46dd,Cylinder
12533065-b71c-4521-bf19-3bc5588be362,Torus.119
04339b2d-5b9b-45ba-8fef-aa8117e9068b,Sphere
1e061d5b-a66e-446d-9ada-ca7044107000,Cube
02cee1c5-a672-4a6b-aaeb-3630b948f17a,Sphere
1a5472b5-0386-423d-8ee8-ccc5f7ce9eca,Cylinder
1fc1e7e4-9e24-4b9a-91dc-7d9bafd3bba2,Cylinder
05de1b39-f7ad-4927-a9b4-a0489cf34313,Cylinder
25939a92-0f59-46d1-b159-69880895d12f,Sphere
03269073-45c2-4918-9041-3b11b748efb5,Cube
1c4d5c1a-20c4-425d-a69d-13510c9eb801,Cone
264f2239-bba0-4a08-9486-5d8100361d8c,Sphere
2371caae-2215-452a-bdcf-4d445326af34,Sphere
0554546e-2edc-429f-8776-36cb966fac95,Torus.141
1c10b806-c57b-4fa8-919f-3dadea01a030,Cone
1de11f36-6243-4663-b619-bc7be11c1e97,Torus.147
26a1b459-43c7-4951-a096-f34f5d6e1f65,Sphere
26236d8d-8061-4fa2-8b54-f6eeb2b6176f,Torus.150
19776d82-87e4-41c0-91bf-569315c49b77,Cube
173f342e-6d44-4845-9440-721b6ef9d80d,Sphere
1289268f-9247-491e-8a7d-c371f8e4209b,Cone
0cd0a0da-e1f6-4bc4-9279-c6e75a1f5b90,Torus.153
00d7611d-1579-4537-b575-60211cc5e487,Sphere
094d8fa5-5bc0-468a-bb8d-3d283fa3a9a3,Torus.158
012eeb98-61a0-4576-bf5e-868593c60b29,Torus.164
1b9e1a8f-e56f-4d06-9d97-adc1e05679ad,Cylinder
1fc8b261-6415-40a2-8559-3b92ed284036,Cylinder
0bdedbb5-0e3f-4ca6-9c52-a4e6b6c674fe,Cone
12d923e1-efd7-42f7-b96f-d57a0cd1b9ca,Sphere
12fd400e-6a69-493c-a9f9-79c138c9289e,Cube
26c3a48d-4bf3-41c3-935c-e970695d1e2f,Cube
1d802a8a-4d79-48af-8514-6a8e2f1a9fbb,Cone
2125fb0e-c47e-4209-81ed-8da33faa2247,Sphere
0daa12be-f630-443f-b0b1-227b0a007b7c,Torus.176
1367b3de-cdd6-416c-94dc-69cc34697384,Torus.178
0586d20e-3db0-49d3-bb0e-b0025b012a34,Cube
08b20cc7-c81a-4690-877a-d6fba07af970,Cube
08e473ee-6b3e-48ca-a802-2c85fd284415,Sphere
071c7c20-4ab2-441d-bc67-c07e6b1ccf94,Torus.184
220bebcc-902b-4b1b-b76b-c5923b7350c7,Cone
02255c2d-4b2d-4591-a5ef-3458f4c0881e,Cylinder
2503438f-bbb1-454c-b9f0-9ba11d6a91a7,Torus.194
1d6d1745-f925-4a1d-9858-75a8a4c06e47,Cone
18839169-f191-4397-85da-d3cf5cf877e0,Torus.195
2548d05f-694b-4fb4-8bb4-221db09494c5,Cone
122b5606-4fea-45dc-9dd6-9a51a755fd81,Cylinder
1a3cd4d1-92bd-4031-82fa-8bd3fd1fbdc4,Torus.196
2178bfa7-1fbd-4bff-aac2-2d26f33889ab,Cylinder
0d31327a-3770-40be-b38e-8cd1cba977ee,Cube
04758a0c-e7bf-4993-a2b4-46271487f119,Cylinder
10173190-f36d-43d7-970b-d2dc8bf5c8af,Cube
09a79983-f844-4265-9207-2618942b7498,Cone
034184e7-cda4-4e61-a190-d5949dc6db61,Cylinder
20665dde-794b-42de-b2fa-db6e8f294083,Cylinder
07e3285e-d023-4ff8-a359-adf76d5dddc9,Cylinder
1746dbef-3cf5-4fe6-b609-123e036af810,Cylinder
1642fbaa-c21a-4a1f-b49a-f03d41bcc3ad,Sphere
111e9c19-0bb6-450a-be6a-1656772e750e,Torus.215
217ba984-83c3-42ba-abf8-7c860eda8562,Cone
1f97b711-31c0-49a2-be6a-81024a604605,Sphere
1cd9e23e-6642-4e98-b56e-eca8506d0e6e,Torus.219
220ff25d-198e-4bfd-81df-83e21f028cd6,Sphere
1956b8e4-0c45-4002-b458-e080f7dcc1e5,Sphere
223aaa2e-3c23-446d-813b-3e3095fd1a18,Cone
1cd51d81-268b-4f21-9511-30b164384c9b,Torus.224
24d491fa-5459-40eb-8137-d6ac184c5ec0,Torus.230
117bc5f2-ab19-473e-9845-cbaa39342f10,Torus.231
08633d5a-caf0-4642-9b26-42168ae60574,Torus.232
0f187a56-84a5-42db-9950-6edf3931ae14,Cylinder
16296cc1-e16a-4116-ad69-c63de97ae7d3,Torus.237
17dc2121-dbe3-4231-95aa-0d412cb4445e,Torus.239
1c7b2861-45f8-467e-bf6d-083d5ad5bf8d,Cube
149f402f-714d-4625-83fd-9db6faab400c,Cylinder
25ea62eb-c533-48f6-be7d-6a08e3a2cc38,Torus.244
162de64c-df6d-4423-b25f-3e83a8fca88a,Sphere
06f2bd28-e80e-4d85-bada-9475e27f25ca,Sphere
14d861be-e677-40a3-b39d-172c0c066986,Cube
056fb1f0-1adb-498d-af13-08ba6b08657d,Torus.245
20b2fa55-47c7-40d9-b771-a33b12f74708,Cone
0318ee9c-e4e0-4ad7-919d-c0768714c75e,Sphere
055b562a-65b6-456d-bf3d-cce915f5a720,Cube
1120b1fe-6a55-4488-a339-e10f52613189,Cylinder
07ff1e6a-c269-4170-9834-fcef1e0eb746,Cube
2683eb22-1630-4f17-b08d-7a505052a129,Cone
02dacda3-f784-4cea-8336-866ed1a1c735,Sphere
0282038f-3405-491e-9c75-2dec7c82c0d9,Cone
21b7ded4-1897-43f1-a743-da8655f12b77,Cube
224647b0-4091-4864-9361-4b999d43e3fd,Sphere
1f7d58d6-89c9-4233-a04c-04d922e58944,Sphere
24e6302e-f80d-461a-bb9a-625719973a3e,Sphere
038df640-ea7c-43c4-ad00-b1750a03d569,Cone
1ea62078-e8a9-45ae-a6e8-af566442daf4,Cylinder
1407ce55-27c1-4516-8a4f-c0297444edf7,Cube
1bb201cc-9795-40fe-944f-c28e59c55b4b,Sphere
0cc0f2f7-b1df-47fd-8500-3de6355e0825,Sphere
22e94b4a-2642-4ce2-820c-af0bfee5fb55,Cylinder
01a23cf4-f433-4d3a-8b12-4c93194f77ef,Torus.274
1a6c2fd9-5f1f-4bb9-b3e4-0f94068b3302,Sphere
025bd41c-9caf-4ad5-b22b-c18c7e19b13b,Sphere
1b7c2a09-80b4-4694-9935-9c2c3991b569,Sphere
01232e27-92f4-41cf-99dc-183a6cdfd89a,Cube
0b065b5e-e986-4fc4-8865-8331c8791005,Cylinder
00aacb42-e61d-4715-8fd7-01d276dce7c2,Cone
26750387-2c63-4dac-b659-8d5a9a8db1a6,Torus.290
01081698-e9ee-40a2-aee6-5cfc85466d08,Torus.291
06aaade1-de2b-4736-ad37-db12a4b1e851,Cone
035ef8f2-e019-4058-9d94-56350252a013,Cube
0f195370-776d-438e-89a4-9a2ed5f7d434,Cone
0927d8b7-9900-4eae-99c7-0ad12a08f4ee,Cube
22c4c509-04f9-4c0c-b1e1-fdf74233340a,Cylinder
1527b047-835a-438d-b191-0fbdf55824a3,Cone
1ccfb53c-9bf6-455f-87c5-3c0155dc6d47,Cylinder
091002d2-1fdc-4b87-94e1-fe01cbd5d381,Sphere
1a1ad143-de2d-4fe3-8efa-2bde2e13ff82,Cylinder
142bb89d-0ee0-48c6-92b3-a26d6414523c,Sphere
1decc7d0-caad-4395-a234-f68ab6598be2,Sphere
21131a9d-6527-4f8c-8fb6-5399140f47fb,Cone
0b2018f5-4e91-4649-9d56-78fe1d14f87f,Torus.318
0a9ae773-d14a-4118-be6e-3060b7c70607,Cube
20af0074-6335-4308-8328-24fecc3cfe03,Cylinder
06818c15-b7d8-419f-81ad-38b76b854527,Cone
1b9132ca-c177-4c94-804d-3701b32336f8,Cube
0098aaec-2fd0-468c-ba74-3c0d6864587e,Sphere
0b51fd36-6f71-4668-9778-631f1710a5a4,Sphere
0d8bb608-21d1-45e9-bb58-467263064ff7,Sphere
0d69904a-a9e3-4671-9427-88c65d1afa6a,Cone
042ada41-7798-4a33-bb8b-d7b06bd47e65,Cube
046611ea-bd95-4a1d-9fef-6df9599f2a7d,Torus.339
0d7468e4-aa07-4b80-9ba0-55f3e3227549,Cube
00720933-415c-4e00-b5e3-bea689f865ff,Cylinder
021596f3-f40f-46cf-a319-cf83ed30f09c,Sphere
1bee67a0-96ae-4f02-987d-78fc0df796ab,Sphere
246a1a24-f49a-4c37-bae0-2f4d96debeb2,Cone
201c1bd8-f635-4c47-b7fd-8132215529fc,Cylinder
1f5e9668-f7ff-42c0-942b-86e2990e0683,Torus.351
26d2e42e-5290-4f54-b9a6-c67b339c2742,Cylinder
0a5857e5-74b8-4168-996f-4b13cab55794,Cone
1c305614-5ab7-4102-8c61-5cfc6dd33b71,Cylinder
2032a6bc-3396-429b-b4c1-3074e508d0b3,Sphere
0b72c5a6-58e4-48ed-aafc-082186b23a8e,Torus.364
11e896bb-bd6d-4916-98bf-fa43ddf55731,Cylinder
0a25dc40-4f23-4b51-8129-2e151988c471,Torus.373
03738bbd-cdb2-4135-9e10-56b502f7b3cf,Torus.375
05090101-5dd0-43a4-8104-8ecf26d44a63,Cylinder
21c53c29-39ed-4cf3-a143-828eebae0224,Cube
1bb7a1c1-bfa2-4cc6-a7bf-c102be0d82b6,Torus.381
0589d99a-fd0c-4ce5-bb1e-282d9e275d72,Sphere
0895511f-a0a6-4150-bf6f-abece9b0358a,Cylinder
05f9ced3-7a50-4765-8433-97cf55551eb5,Cylinder
1c7efe15-0955-4fe5-a074-3baa8a49abf7,Cube
16f298b8-9f52-46e6-8260-305e42d03357,Torus.385
223a96b0-6095-411c-8ff5-62dc3833b6f8,Cube
1174140f-ae65-4fcf-bbcd-2ced9685e20c,Cube
17f25bda-a0d0-46aa-be39-d117596c791f,Cone
27222833-cc5c-4f3a-8078-cdbb7a906a4b,Cone
0a0de34b-2ca3-48d7-900e-a873afb31286,Cone
2529c289-9a26-4c49-9fa1-ca919cf8e5ed,Cylinder
0b563d7a-ffe6-4e95-8f78-09f5555efcb2,Cone
146069c7-14bc-4a12-a18e-2fa6fa247511,Cone
0c2b0e98-b938-414d-8215-139d8abb839f,Sphere
2739193b-cc13-4c38-842c-56575f1a9a81,Cone
00bdddfe-bdfb-451b-af90-17a0b902c40e,Torus.414
06044d95-deda-4a2e-a791-312f45361bbe,Cone
11422e15-45a1-47ee-8af6-019163901623,Cylinder
13c54375-d6e6-47a7-a701-ccdaa58b103c,Cube
095e8d44-a0ea-4df8-93be-d1629bb2503b,Cylinder
254cae6e-8888-46de-9ea8-14c3051a8ae9,Cube
0b82e931-8226-49c2-9461-8ac1d8636f23,Cube
27653b94-914a-4675-b879-a05172c716a6,Cube
03744be9-f3bb-4a10-a2f4-c96c4f3bf1fa,Sphere
22c07265-2a62-403f-85a3-86d422208246,Sphere
0a543924-f463-46f3-9731-53c58e113333,Cone
0ee58696-e8b2-482e-8c39-8b68d534c19d,Sphere
0068d813-695b-411a-b278-491dd90dbe8a,Cone
15346eb8-9498-40cf-8791-9b0e33970e3e,Sphere
11d29a32-f78a-44ae-8f77-f5552b76a639,Sphere
1d6d7f64-6ae8-4862-8daf-d7f843fc1e20,Torus.443
0731f5be-15b3-46c0-9245-1f9dc45fc0b4,Cylinder
19a58fea-5ac3-44e7-8b7e-0bb74f025817,Torus.444
2622616b-3886-4fd8-9314-98c7fbfeccc4,Sphere
1808ec22-58f8-4764-8393-2e1f7172785b,Torus.454
1ce26043-0263-4688-9309-f8c3d0c5afcb,Cube
14f164d8-086b-4550-b72b-99c406568789,Cylinder
0ad3c288-bc74-4bb9-b7a7-a671c9072cf4,Sphere
0b79b8ce-91b3-426e-a585-d29caed57b55,Cube
1f5060ce-8449-48c3-b2d2-375821d76f4f,Cube
2130ad52-6d71-4674-a28c-8d87b867267d,Cylinder
1a46f5b8-65a3-47e5-95c2-7bb399a77c53,Torus.469
1da63aea-471b-44f8-8532-7f0f60cd3279,Cube
118921b3-0915-4c9d-827c-242e7cbbdc40,Cone
12e1ea2f-7ed4-4044-ab18-9ce24926a33a,Sphere
0b04e59e-caaf-4ade-a69b-2b6e7aa24d68,Cylinder
00dea767-0cce-47a9-862a-8b6aa1a39ca0,Cube
094b025f-b2a7-4373-be65-6e6bf8d91da2,Cube
00a855e7-9278-42ba-ac4f-106a35dec5f7,Sphere
1e86ba09-b6b7-498d-8c36-1e20c97c706e,Sphere
16a70833-88cf-4251-847d-25d80f8c0b83,Cube
15568848-acc2-4294-b2cd-d30e5c7d9405,Cube
0f02b12f-b298-434d-a4ed-a5afef8fc23c,Cone
1a9b4275-9c57-4cbc-80bf-3930f8449344,Cube
160cc5ac-563d-4a6d-9cd7-354c35c59a21,Sphere
062ac4b2-76f6-4036-a0c1-6245bf3d5729,Sphere
1ab325dc-6895-4a6c-aedd-06d0df93d1c6,Sphere
01593aae-13b2-4132-9c77-8506f848353a,Torus.522
0426ecac-1181-421e-bd64-40e2a0d03dff,Sphere
1a56a538-17bf-4bdc-8f2b-a7c09b7d681b,Torus.529
1a9bc0da-fb31-4276-89f1-a5b3da4c29b2,Cone
09f7dbc8-f546-4f09-af79-558f5902b034,Cone
2653fede-c782-4872-a181-43d6d33957e2,Torus.535
1ea46c5e-b813-4a25-be4b-bf3577950578,Torus.536
13f60314-c5fa-4133-b614-e5f90a1dcd2a,Sphere
1131a9fe-e337-461f-93f0-807bbf8241da,Cube
176278fd-87aa-4afd-86d3-dbcce595e84f,Cube
04216d9c-ade2-43c1-89a6-12e641d6fa08,Torus.543
19db7af4-e74d-4059-82d2-702adf39ceb5,Cylinder
0a2279d3-b052-492b-a8ac-55e96d4cce87,Cone
2303c2e5-a8ca-45f3-9cfe-cfba941c1ac9,Torus.559
123eeecd-2304-424a-954a-435bf4970500,Torus.560
0b272781-4a2c-4c3f-8764-dd5ba7f2a0e5,Cone
1f896304-b62e-4413-abc2-b677f20040d7,Cylinder
25879c76-212c-45dd-b224-44fd4f1262ac,Sphere
01515248-82f9-419e-b317-ffa226d3bb7f,Cube
023493fe-e853-4c2e-9e4c-7dd1a03f7f17,Cylinder
25367c61-89b3-4c91-a8c0-5cb055a09aac,Torus.568
24512ecd-92af-4851-b42c-5b8f5d5e7e0e,Sphere
260f1559-1db2-49c7-917c-693f71d4f16b,Cylinder
10c0da11-b744-4304-a95b-ad104888c02f,Sphere
05745bf8-77b8-4bc7-b3b7-c3a570667023,Sphere
1502b982-3612-42ba-8b69-1e1baf088090,Cylinder
159e4b81-ef48-4b09-8486-a18e9ddd736c,Torus.581
107ddd5d-da5a-44e1-93fa-996f4f465f0a,Cone
21ae1b6b-fb70-42b9-beff-7de5217ff0fa,Cube
1dcc4e7c-6876-46f8-9596-1cfecb8399ed,Torus.582
089fed40-5691-4905-bc26-19d07d4f4c67,Torus.585
0875c20f-eaac-4bcc-9612-6278d1d8dedc,Cylinder
08dec1c1-da98-4c73-87de-74d06c233555,Cylinder
1a91ad77-9a04-46b4-9408-3037d741ec11,Cylinder
1b21023f-c8ec-4970-8d82-348cf36bb051,Cone
0157f3b1-06a0-4425-8641-ee469a490430,Sphere
1227bde7-dae7-4cb5-958d-c5d3e4f57bae,Torus.591
220d4bfa-09e1-475a-9cfd-d42670a2179d,Cube
121bb353-3af9-4872-9c64-b74fa38cc92e,Sphere
0d7db2f8-7491-45a9-b57f-851a95a2cd0b,Torus.594
2706ef74-87d2-4a60-b5fa-5b0bc0840927,Cylinder
04758b54-80b4-4550-8954-82cf66e9d354,Cylinder
2371406e-3a0a-4465-94c8-5bf323be4c74,Cube
1995c911-26e7-4e74-aec0-f813ce815456,Cube
072f9175-528f-4e45-80d9-192e0690f6e8,Sphere
19c73cdb-329a-40db-a0a5-58914601db0d,Cube
21ff8999-6c0c-4652-9a1e-8e3b8edecfb4,Cone
26944b84-87b1-4982-a193-4938e27557a6,Cone
142638fb-060d-4c9c-b57a-eb6c75155e03,Cone
1635f5a5-a186-48cf-b84f-c7d7e2eaba12,Sphere
11fea9a2-8194-4f40-9e90-772fa0918bcc,Cylinder
038658d9-dd86-4737-bb36-6d3c94044333,Sphere
01af5173-d294-4e4c-a23d-8db05f0cb712,Torus.616
0e6addeb-833a-46a3-83f5-f54069161c41,Torus.622
26975a9c-837d-4d05-8917-a62e1caeda1f,Cube
1ed2d72e-a0b4-4451-95aa-7a6bc5d30926,Cube
0c0d2363-31c7-48c4-9249-9a67cd9d404a,Cylinder
1a3a62c6-f8e9-4a1c-b955-8530182a632c,Cube
02d12067-35c3-4e8b-a2d4-c76205ad9fe0,Torus.635
00f6881a-30e4-489f-bfc9-a586eb11eee6,Cone
11f5bc67-c950-4a74-8857-8b2e9d0a41ec,Cube
06f46120-4cc1-4960-8b65-7551f6c63d0c,Cone
16a873d9-bd19-4aed-bc78-d82a15f0a8b1,Cone
1406f4e0-c0f7-4430-a7fa-fc82dbb33aaf,Torus.645
10043e49-3d0a-43f2-931d-e3f297e38e1b,Cube
09e97219-8c4c-408d-8431-7a7e691dac45,Torus.647
27614138-e04a-435d-9780-4ed02a478f72,Cube
1d368f15-7afb-49d2-b858-51e8f4ae494c,Torus.649
173478d1-db41-4b79-9ebe-06c88daedad0,Torus.658
10c7795e-5fae-45c6-93ca-f145f315d21a,Cube
06f135cb-b03f-4eb6-bfdb-19a34bf45ba0,Cube
10e9fe7c-b752-4dc2-aa95-c1d7552c1f1a,Sphere
12eab854-aca4-4f5e-ad70-2834931e2adb,Cone
1bae81ce-11b6-444a-9f23-918c9164963e,Cube
030c8c30-b131-4a98-b709-9328d019370b,Cone
2312e1b5-866a-404d-92c8-674f0e5244ac,Torus.676
14ff815f-1bd5-4010-b80e-5c993e734ce8,Torus.682
08dfe560-2438-4940-ba18-a58f13674322,Sphere
26d5321b-c7af-4051-be85-0d7b9c24b07c,Cone
00bfead4-556a-41da-8098-72707527f072,Cube
20a7b59f-06f8-48d5-8389-d49975c5aa81,Sphere
1dc828ab-1be4-4042-b74a-e0c71b05a3e4,Cone
239cd669-b4bf-4fb5-ba35-20ecbd26a252,Cube
02b43739-91d2-496e-8c82-1bc271b787c5,Cone
04fdb45d-3744-48e5-84ca-b4a6761ac622,Cube
07c53f76-2af6-479a-a95d-1aef4d015bee,Sphere
0db976f7-7c70-4a91-9379-56765d3b2acc,Cone
072a5007-085a-4a4c-8ee2-e9ad93aa29fc,Cube
1d843024-c6d0-45f6-84a7-1d0ca6ae7a67,Cone
21c21c2a-8b55-4195-8c33-24c90badce48,Cylinder
18566db7-a31c-42ae-8ca8-0518bb714a00,Torus.699
26e3f9bf-1e42-47f3-ba19-4dc9cef2196a,Cylinder
143229a7-0e05-41d3-bdce-e01ad231b3fc,Torus.704
26f5c229-ee64-4505-8c57-c9d6c6fc483c,Cone
0e3d6d2d-c167-44fc-9263-7a4d6706091d,Cone
07651ef4-7ed2-42f8-9770-66460adcbe9d,Cone
207902e1-a51d-478c-8910-da31ef6ceaa4,Cylinder
21cc65b8-8377-4a59-8808-bc5a24e0edba,Sphere
12f71269-8e4b-498a-8f10-5a27ff83841e,Cube
077fd9ab-96de-4e03-88d2-62fbc194e0b0,Torus.718
09c7681f-049f-4d97-aa19-9987af7e6154,Cone
21c02050-47ad-4ca7-b7a4-02281eec6332,Sphere
0a3aa7d1-089c-457a-801b-230619b4dcd5,Sphere
120b0230-9797-4464-b1ea-02c6130823cb,Cube
23aa5c44-f2b9-4a01-9d70-8dd9c0803dca,Sphere
1a79652b-816d-4c38-94b3-c7e2f97713b8,Cone
2690c285-5a16-4e78-9eab-a8a5d644eba2,Cube
07cba1a1-f97e-4cea-a94f-6e9c979e5bcd,Cone
19bc236f-3995-400e-874f-c5ac8d483b09,Torus.740
02f4d717-611d-48eb-87d6-90f6413bbe00,Cone
2411249a-1046-4d60-9851-7a9b89b01fbb,Cube
0a97081a-9a19-4838-bb3a-36f427dbe3b2,Sphere
18c9b6bd-c601-42ff-abf6-12ebf8534bbc,Cylinder
1ab67e53-1e9d-4c3b-aba0-b1c98b06cd12,Cube
21a8a1d6-db11-49a8-b545-8e99f771e3f2,Sphere
137e7f0a-06ac-4fc9-8173-7d936a173cdb,Torus.747
0fcb082f-6a8d-4e71-bf31-ebd50e55be26,Cone
0f046894-ea6f-4c62-b5b5-9dbfe24ebf43,Cone
0a7c6e0f-a3cd-4855-b6a5-ae4856b6674f,Torus.758
05b5bcdc-5ad2-407c-b975-66113f029257,Cone
0bf2fab0-e1cb-42e7-b02b-680d83bd4fa8,Cone
26e3ded5-1c53-4162-a581-8ae4c4909d2c,Torus.771
1858e75e-7e50-49d4-aafa-160f66abebfe,Sphere
0bb617b6-63f7-4d83-be3c-000f20296841,Cone
1e618371-4ca4-4134-96d0-c542e18b0751,Sphere
2520ff45-c1dd-40d7-a525-41907e957c9c,Sphere
1823af24-4f3a-4e46-a0f7-5c63226fb222,Cube
2272f295-7068-4661-99ae-a07e4014fe9b,Sphere
12f2fba1-98fc-4abf-88fb-0d0b1e28b347,Cube
014571bc-50ee-416b-b602-dacf8b7e1256,Sphere
09b84187-a506-4884-8007-51702832d064,Sphere
14e4911f-d1e1-4475-85d1-09a7d4c551d5,Sphere
2280ca73-2bb1-4362-849d-cd7586ccb460,Cylinder
1b482793-efce-42f1-914f-70177ac90cb8,Torus.801
0ffab5f3-bfc4-472f-ad87-0882f460a015,Sphere
0199d0f1-937e-463f-ab4b-68c91674b71b,Cube
150ac4d8-1b06-4d8a-8e65-98045bd78321,Torus.806
14fe4b01-991a-49f3-9e7f-51b2aed4eb5f,Sphere
00cbdf28-9f3a-4414-b8f8-3ff222d127d0,Cone
24fb0f84-00c2-46e6-bf18-9cf75c568f83,Cylinder
0e04df1e-b57b-4ad3-a6ce-ba82dd71fa13,Sphere
2247083f-cbd0-4251-ae33-01c42cdab396,Cube
1c19169e-e1cf-4b24-8f90-cf45fd6d2648,Sphere
2092f5ca-db39-42df-9fc3-13c9ef5ab890,Cone
152d9ace-fa52-4dcc-ad2c-815d42d230a1,Sphere
1b1618f0-ff6a-402f-9f10-a5ebf6ee1621,Cone
23d2f0bb-e270-47a3-b16d-c6c509eb194a,Cone
22fbcb94-9adc-4b87-b261-8bb6be5dda50,Torus.821
1eba0bcd-6dde-44f5-9f1f-4629b2d31724,Sphere
0b1352ab-1b57-4238-a938-01d28a71f5fc,Cube
20d1711b-5ecd-4a5f-bfce-ffba7629003b,Sphere
12ea381f-b478-41a9-a84b-6c875fad8db0,Torus.832
234960cf-c2fe-4d96-9776-262f334d5229,Sphere
21635bb8-b5eb-4c28-bc75-8895424dad57,Cone
1512255e-8b1c-4d69-90bc-1f2b7c4be93b,Cube
2433db6f-955b-4c15-b2bf-3440c49b6228,Torus.845
23cf6e7a-3165-4b2a-a643-f01fb7cc36b6,Cylinder
08463221-2c92-4166-9827-291845dea6ba,Sphere
137ebc28-3a7a-467e-b108-a2c87a86aed2,Sphere
0d8683fd-5442-4098-8c14-4bd82bf0a910,Torus.850
04bd5135-298a-46ef-92a3-f70394c0f2cf,Sphere
0013b5b7-037b-4f26-84b3-dc06c4ae617a,Cube
02e0878c-637f-40f7-9643-a3e21154671d,Cylinder
03bbf322-b9a4-4f08-a6e1-ed4734b83911,Cylinder
1a73038f-405f-4b0c-b382-5e14064232fa,Sphere
20e735f6-52bb-4fd2-aa3e-cee0cd6832be,Torus.856
25971552-d7f1-43ac-ae3d-42254bc2c359,Sphere
110c6197-78dd-465e-b023-09322f316ff0,Cone
24deac95-d362-4d16-ba2e-58c6dcd4442a,Cylinder
23d777c5-0efd-4303-be04-d83761550eee,Cylinder
1776be02-8c00-49d6-ac0a-06c5158387c5,Cone
0ee57e35-6086-4d23-b045-7792786edd0c,Torus.863
1b03c567-57e2-4508-ad10-6da4586ea978,Cylinder
1d49b1f8-e30b-4c59-8e12-b51916fd9d3a,Cube
23b98507-83ce-482a-94f1-9ff3654848f5,Cylinder
0c793d9b-4fc8-4ca1-8ef2-270ef5b02119,Torus.868
19e70faa-e195-4bab-9fc4-ffb8d1f72ccb,Cube
26e2f743-f307-4663-bae6-f823640a4724,Torus.872
04843234-8f9a-4773-861f-b8ab43567516,Cone
1dd01fd3-0f4b-4f77-ad95-3f2ea6834abc,Cylinder
16008abb-2851-4943-b2fa-eadbd8d345eb,Torus.877
046ef898-7a3f-4535-8a99-804a6637dcf6,Cube
18462540-e028-4203-834e-6fd60eba02ff,Torus.879
0a11c51b-97e7-4ab4-8316-5422ebc24760,Sphere
0886eadd-e821-4e3e-a507-3554efbf354f,Cylinder
1a7276fe-682a-4c8a-8dc1-3a44e117ee9e,Cube
1c5edf18-bb12-430a-899b-21170e4f480f,Cone
122e1479-6aa2-47eb-8c38-d2b1d2036c0b,Torus.889
229c53a4-9383-4f32-a996-e34aa1fe24ed,Cone
23706174-df9d-494d-883d-0ea252d8f3fb,Cone
1b95cf2d-eea5-4f98-b928-0d2cf1e68ec0,Cone
1936f957-c61d-40b6-af6a-6a6a6d172b3a,Torus.899
1216f6be-5031-43b9-84a2-9cc07bf7e462,Cylinder
1d770ec4-c62b-4dec-a7ab-89028fb703a6,Torus.903
0ec81a30-d26e-479b-a201-bb77b182c2fc,Cylinder
10e288de-0298-4e75-97a3-5ab5ae53d949,Sphere
214309fd-049e-4ce7-8c6a-3aa06ec37f39,Torus.910
2426f488-3d73-4f07-bb60-db82c2afc327,Sphere
0ccb70e5-7c3b-4d7b-b8de-f355b808a5bb,Sphere
2489fc97-0f64-463e-a079-be0aadf29fbe,Cylinder
087deb90-b009-429e-8741-5d9288cc823e,Torus.915
1762a612-f478-40d5-a8a4-deb09ec678f1,Cube
1cfd213c-1261-409d-a55d-418f322faa2b,Sphere
1a6fac8b-73eb-4c78-865f-e058efad828b,Sphere
028372db-e40a-424b-affa-490c5c236ab0,Cylinder
0dcb8730-3822-4cae-8089-13e117c25051,Cylinder
1296625b-0cbe-4460-a1eb-fc191e11141c,Cylinder
15ca0af5-d8a4-4e63-97ac-2976d2b4d3ab,Sphere
13784a8e-f183-44e7-949c-ff8cb490b2be,Cone
10a48a59-4a02-4256-8156-f9d5970111d8,Torus.944
0e28d7a7-e503-47ea-9338-15b7972e1d9e,Torus.945
16d8c7e6-5ddf-462b-8623-78536c11139d,Cone
1e2534a5-b9a8-4a95-89fb-7cc777031130,Cube
1965dcda-49b4-477b-97bd-aec595591844,Cylinder
1bc1a2aa-ee80-4329-82f0-7ba0ab1d2a4f,Sphere
1a0d2ee9-cd82-43bf-8fce-5dc2c40fca0c,Cone
0c4133f3-6acf-4dea-9ca7-c63a8815c423,Cylinder
278abcce-26d3-424e-9743-a592a459c49d,Sphere
1fea262d-176b-4f45-8ac7-c33e50a8c21f,Cube
017ac1b5-6036-4db6-ac12-51b6f415dbec,Cone
00080096-4d79-4d76-93de-ac9104d999b9,Sphere
10f6262d-1529-43ff-8346-9eaf4bb1a2e9,Cube
1fcc7ff1-a23b-43f0-a840-c331e281b689,Cube
0bda36e6-0ca7-4a47-962a-8f96add97c1a,Torus.957
16b7bd96-ce8d-403b-af45-81f32bdc47d2,Torus.963
077825fd-0815-4ddf-ab36-f1d0c30ede80,Sphere
091613d9-5a9d-4faf-ba08-c4fe5992602b,Cone
20dc78b2-82ab-441a-9542-01cab8260045,Cube
1398616d-a87f-46d8-85d7-436b52602b37,Cone
044ff8bd-2067-48be-ae33-276be238cab9,Cylinder
005ff3c9-4b8b-4fcf-a7aa-37ce0b2e3724,Sphere
049fb113-0506-4e29-b69a-206cd9a8bd35,Sphere
22f047de-3edd-4fda-b986-93170c6418f2,Torus.988
05de42f5-67ce-46cb-ad2e-f6a481eef2f5,Cylinder
1efdef92-b874-40d2-b615-0123a39725c3,Cylinder
1df3cc46-048c-4ab1-95ae-9506c053ca37,Cone
25a6cdea-8a4b-401f-bb11-9125d899c3b8,Cone
0e37ead6-d257-436e-aca9-83538380bdea,Cylinder
07ae9b79-be4d-48ea-a333-b7d0b614cd36,Cone
08a2c64b-b77e-4372-a70a-f23a78b58a79,Sphere
0f5d689a-cccb-44f8-a3f0-4bf32baf1fc2,Cone
00844fda-ad2a-488c-9ed3-37f7d32c4f48,Cylinder
13a76295-784d-4b64-abcc-1431c0e04bd7,Sphere
1ee8d7c0-5c9c-4bd6-a60c-7ee2e6ea3187,Sphere
09c7315c-8179-48d9-8e79-4bd88105e367,Sphere
1b4e7843-c6f9-4521-b72e-2f18d9286982,Sphere
08df2864-03fe-403e-bb9e-3c554beda61e,Cube
1c68ec81-319a-4da7-875e-c2e41b536911,Cone
24d74698-d679-438b-89ae-2b580f7fef79,Torus.1017
26540ed4-cef5-4df6-b5c9-9a38781a382c,Cube
0c42cc6a-d888-41f3-a1ea-605f711fb736,Cone
12529bac-6363-49e2-95c1-6d49ed701c49,Sphere
09e7ec7e-ed6e-47a1-a931-daec9cf0f374,Sphere
0ada9068-6730-4026-ae87-55c99a1c8519,Cone
0562c671-8c2e-4b85-ac58-23f733d1511c,Cone
170c33c2-946f-4b1b-ac60-abecf524203a,Torus.1020
11b4f797-a153-498d-b6d5-82f40e5ff453,Sphere
124d081b-4cec-450d-a7e9-64a11dabec21,Sphere
003cd14d-f5e3-4d7e-b4d1-f78b62bcb873,Cube
12bf1665-201b-4f8e-96f4-0ab4a6824294,Cube
0a688594-34ac-444e-bf6c-0b2365e41fa4,Torus.1031
210d4696-de3e-428c-937f-dd0587f8cdd2,Sphere
0c74fc7a-9aa8-425d-b93f-230df195daca,Cylinder
1e2e264d-c87d-47c0-8159-c6c4fcc28539,Cone
1094c53d-79a8-4be4-a515-3222729ae698,Cube
119e211d-04be-4caf-8fe9-b00aac5a64d4,Cylinder
2789a3b8-fce2-4dee-916c-9ecfcae913f3,Cylinder
15de905a-d9c0-4ad4-b72d-2d41d19b44e2,Torus.1060
1d045bd8-c168-4d7c-a0f4-999a8f029c35,Cone
06560c43-65d3-4c05-852d-f6d762568a87,Cube
27383142-e6c4-4ee0-86cc-42a678d5815d,Cube
17ee98c0-e47e-4362-b0d2-15bff05a13b2,Cube
0dc15bb2-df8b-4429-828d-e13f79f3feb3,Cylinder
0317fefd-ae68-40df-9b97-f6cd92e69335,Torus.1067
09a94bd5-1bdd-4521-8a11-61cdc98e5984,Torus.1068
0b512cef-c001-4d20-bb0f-66f89cfb3c01,Cone
259a9a47-db62-4b13-af73-501634454df6,Torus.1072
26fe4579-674d-42cf-9bb3-61ee63ee84b0,Torus.1074
035038bc-768e-431a-97ba-34f84b6451c3,Cone
0b9785f9-4e21-4342-9f8a-e7ec5082d42f,Cube
052655aa-580e-4209-a300-f4b9bf574f03,Cylinder
1982c26b-c14e-4ebb-b358-064e5beb04d8,Sphere
00762d47-1195-4085-913f-ad5dfee1786e,Sphere
1f474f56-2953-4db3-9e88-604b4a805a0e,Cylinder
17d87b48-6910-48b9-87b4-3fb994e7abb1,Cube
17256cea-bcb6-40ce-8c79-ce7fa671ed3b,Sphere
1a981d00-9cae-4d61-96bb-a6c609b71647,Torus.1089
0a08f252-dca3-482f-803f-c616421ef48a,Cylinder
0385b404-bbe1-451e-99f2-2abb4435c052,Cone
0310d9d7-b175-4901-8a2c-0f4b2adc6ba6,Cone
22bdf2d2-ea2a-40bc-87f5-a66b33777104,Cylinder
05fc1d24-e11a-4827-b03a-ba9d047e5a67,Cube
0f3dafbd-a678-47bd-8bd1-f79668b5523d,Cylinder
0cb90d58-e958-4c47-8a61-845a7876db7e,Cylinder
26aa7f13-3202-42aa-9d2e-6994f863896b,Sphere
0472ad34-e348-46a5-a706-1a7fa21d30b5,Cone
032d5577-5b9e-4cb9-805b-5fc951e254c8,Cone
19c27722-8c46-4104-8b50-7b26675c7ece,Sphere
21f12aac-d0c8-458d-853f-de4b9c8a8217,Cube
103b3ac0-339f-4c12-90a6-1a0091ce99e5,Cone
2608b024-72ba-481b-af73-00c9ab5125d8,Cylinder
03c74e0d-3984-4f88-8d3d-ed0099e068e7,Torus.1123
1547003a-5c45-4020-9fee-f9edc655a503,Cone
09e825f6-159b-46c7-be7c-376063c7e7d8,Sphere
0a1e2e04-883a-450d-adb7-f8b85b77f549,Cylinder
13fb04e2-5cc4-4490-9b37-a3d0d2b017d5,Cylinder
16a9c12a-60ce-4c84-9ad5-5c56033c13d1,Cylinder
07bc89b2-82b2-47fa-97ab-ae64371f8eb5,Torus.1125
22b4ee83-f962-4875-9d75-92f6dae156f1,Torus.1127
1bbde7b1-a74c-494d-b447-32e37b837580,Cone
1176cdda-0e2d-4328-b406-3b9f5a6d6a66,Cone
1f40f02a-a157-4805-abc6-30f74719500e,Cube
17d605aa-1f3a-44e7-8f56-80797ca86707,Sphere
0b26dad5-443d-4799-b106-7de58f61b864,Cone
119f17ca-4517-4e9f-bbea-39aa745172d1,Torus.1151
24f8e0c0-f51e-4f8b-81f1-f528a4ef45fc,Cube
148d6705-24c3-42f1-ad7e-094bbc5709f8,Torus.1154
241b719f-dc48-4ac6-90e9-6fdcdaa44e23,Cone
003cca8b-e7e9-48e7-bf3d-7679b008b57d,Sphere
16a108e6-61d5-46ab-858a-65e630cdbb79,Torus.1155
13eea958-8a00-446a-8b87-cc6e9c5071db,Cone
1ed736a3-c98a-41a4-9b51-87168aecce50,Torus.1165
16e5180b-d80f-430b-80e0-c43ea511e88d,Cone
07b43ca3-8094-4245-9724-05b4fd29d06c,Torus.1170
13692b47-185a-423a-971e-1600ec60ce20,Sphere
21466658-0648-4972-b062-38148507d0ae,Cylinder
13b3fdb0-9ace-4a08-993d-83f98b1a1b39,Cylinder
2045657e-8da7-4aea-97e3-4677fa2e128c,Cube
060454e2-5f23-4425-93a7-42ec5d2d6054,Torus.1179
1b354515-7e4d-46ef-b669-177244f1314e,Sphere
0ae239ec-3790-4330-92cb-74d01d250362,Torus.1186
05e14af4-abc8-4bc6-a7cb-6d5e436ce6ad,Cube
09b16358-3396-47d1-94ed-f48fd9b92278,Cube
09db657e-ccb1-4223-bb22-e24d84948d2b,Sphere
05b42bba-29e3-4808-bd8c-c39c1b6df05e,Cone
1d745094-942e-4317-bf8e-76f59ea5571c,Cylinder
1770997e-0ec2-40bb-9c8d-1f5ee9a59473,Cone
0f93e111-d1b0-4ec3-beab-5aec892924c5,Torus.1200
1507012b-42cb-4017-913e-e17a8543ff07,Cube
098084d5-c3fc-48ef-9beb-f9f2c34c2357,Cone
22f60941-4475-48ad-956f-88d6d8003ac7,Cube
0bc00e87-631f-4714-bb92-3587427d21b3,Cone
1d81713f-acea-4954-8e1d-5832e985b96a,Cylinder
0510ea1c-ed5f-4572-bf3e-15037def6b21,Cube
1a79cac7-cc23-469e-aeeb-9f49cb42768e,Cone
1dcdc1d9-bb32-44d1-b96a-4d249095d071,Sphere
0bf69a8f-9a7c-4dd9-987e-b9d1377b5223,Torus.1213
0615cd86-a505-480d-9639-8d19c6208227,Sphere
21b0bf2e-555f-41d3-a1f6-2999d2770c3b,Cube
0da0ab0e-ed97-46c1-8874-0b27db636b6e,Sphere
1938a005-39de-4800-b4f8-c883ed70ac60,Sphere
06a9c99d-ab1c-40a5-a51b-beb598a2924d,Cone
1bf641f9-f75a-437a-b347-e69eeb0891ed,Cube
23ef2b7d-ffb4-48e6-8e09-209efce79153,Cone
09725185-08ab-4491-845a-6d02bdbde5ae,Sphere
0710b18a-d548-403d-9051-3ea166cea47f,Sphere
00bcba77-536c-49c2-b274-590c6a8d925d,Torus.1225
265f33b1-e501-43f2-94ee-be3d0e657f3f,Cone
0fe675e5-2c54-45fc-9778-08dcfa1407fa,Sphere
1705562f-60bc-4754-89fd-05f2d6935b3f,Cone
1594a3c4-4a0d-4747-8d65-49ff84423cbf,Sphere
10efe182-cd03-4e9b-a88d-9f3d1edd0f44,Cube
23b30554-1403-406a-aecf-c3f8cb0c7626,Cone
096a25d5-f576-4ac0-b205-312a264aad39,Torus.1243
07e72b1c-992c-4605-8e14-8464870fac92,Torus.1244
0e55f49b-dd15-47c6-a3a3-13f72b80fab2,Torus.1246
213917bf-831e-4e9d-95eb-2552ccadca25,Cylinder
0900e308-b6a1-401c-b9fb-e5f30febc8a0,Sphere
0d1d0e93-6e00-4238-a520-37c3d65714b9,Cone
260ff474-9b5a-4659-9331-e49dfb8cf22c,Sphere
01920b45-c9ae-45d2-9453-3c117f8cc840,Cone
0bf22330-a245-4663-9ed2-1128cf2eb91e,Sphere
06437e48-33e5-40f7-8955-6eb907505ffe,Sphere
1f00fba9-10ef-46f0-85d4-db3c41879aba,Torus.1260
2618004d-5071-4975-b503-1506b88d05e2,Cylinder
2362fb9b-bee7-4110-a70c-cc7f4478fd29,Torus.1268
264f070e-25e0-462f-9396-3c38c040448e,Cylinder
0ef228ee-b828-458d-ab95-abb5ae0add4d,Cone
18203409-1e81-427f-920b-ec110a8c7c0e,Cube
05037de5-a4c8-4df6-af95-2bb3dc01cace,Sphere
139fed87-49c2-475f-bb1f-2df578f4cd6c,Torus.1275
145c83eb-a23d-43f9-b83d-9dbd84115fb7,Cone
13ecea81-b158-45f8-8ff2-de0dcd53077f,Cube
16511217-3a75-439d-8478-aceba731ca0c,Torus.1276
1edf1ea3-bc13-49a6-8353-9c9554fbb12f,Cylinder
165924b1-f8ad-4fba-a659-4e0bfb1a8bbe,Cone
1616f21b-03c4-403c-8523-c6fa0cc669b5,Cone
0a0cb70e-41af-408f-a828-edb1d13f961b,Cone
05026dfc-6dfa-4ca4-920a-72af88fda469,Cube
1a70792c-9050-41f4-961c-fe1d81f09d81,Torus.1290
2754bcf5-e70e-4378-bfca-8d714a4d91b9,Torus.1291
0bcc4088-97db-4cf9-8c25-6a23bea73a82,Cube
094917b7-de47-4741-905b-55784f709637,Cube
22e059dc-116e-428e-8d11-73d6844252f0,Cone
26cd47e3-e98c-406a-92d7-6ef9ea091131,Cube
24cc33df-5c96-4990-9162-0eadfab465b9,Torus.1297
0d64f455-e792-4d4f-8b10-bf287988a414,Torus.1299
0126beee-b0dd-4383-825f-efc466026235,Cube
05867396-f294-45f4-a9f6-ab375d4f4968,Cylinder
0ed365b4-914b-476c-aab8-d967a6c6f4b3,Sphere
0cc8dda4-b14d-423e-b2c1-3009a2b1d2d0,Cylinder
01b8322c-8685-4f6e-abcb-486b10b43ec2,Cone
171b0f86-17b3-4fcd-872d-940d17ba6962,Sphere
22d8337d-d857-4616-83e9-5336a69aca26,Cone
0cd6f148-c02a-4b59-8430-2d1b7d266d96,Sphere
0c609c63-ea8b-4ad9-9efc-ef7ae4e8a40e,Cylinder
0b00810f-6357-43d8-ad85-17e29fff7fda,Cylinder
08750caa-0dde-48f7-abbb-461889af05c9,Cube
14353600-339f-43f3-80b6-c8615c0999fc,Cylinder
1c720209-a007-4a7a-9b6c-f568a85250d6,Cylinder
1e37279e-1679-420c-99a3-8bc94bb7e165,Sphere
20f63ee1-c372-49c1-9ad3-d51b59d32b67,Cylinder
1e7bb3de-2b73-4a1e-8628-b676a4c9aa9a,Sphere
058c0e48-dafa-4220-b49c-188e6461b75d,Sphere
1b5dc583-db54-40a8-97e4-6d9dcb5a2874,Sphere
0111bdad-1590-4c1b-94ce-f38a6f41bbe8,Sphere
13f303da-4dbe-4972-be84-1baa659cf0a4,Sphere
041167b8-7f30-4a47-8e84-d7e8f4e0accc,Cube
1bab5bbe-516d-4e33-9da3-99cd6e032a16,Sphere
14a97704-933a-48d8-a599-a67c9f652d8d,Sphere
05688cc4-caff-45aa-b06c-f0b7ae7914ae,Sphere
124e25e0-93c0-4b8e-8cdc-96f4042bdb3f,Cylinder
13b298ec-dbbe-4a69-8e00-b69924b10b54,Cone
11c5e331-a33e-4350-b72b-cdc0df89c1ed,Cylinder
278c5c66-8c5d-4884-946c-491d023a92ed,Cone
2503ad35-7468-4d05-af14-3a63b97bc94f,Torus.1334
0fed1e96-318f-48d2-a6da-f2df7deeaf81,Cylinder
1f6f5441-d4b0-4c2e-a3ba-c795b2e4a06f,Cylinder
0c80d06b-6c21-4dfe-b271-20774eb99e14,Cylinder
0aebdb9e-8014-4417-bb3f-d0c5e89b405f,Cone
134315c3-ec6c-4541-858d-31a2cc917db4,Cube
1c921dfd-0cb8-42a2-b291-dcb32deebb3d,Cube
221f7efc-988a-430b-89a8-7c533dc69df4,Cube
06f6a3d7-5b6f-4104-94c2-e001d22874ad,Cylinder
09e4f328-cd54-4dca-a419-a62ae1601372,Cube
0be462c0-fd0d-4cc0-a727-bb47570b01fe,Cylinder
1761fc7b-25ed-4a35-9c0c-ff8241f194bb,Cube
0e6beb06-f1cc-472d-b20c-7da62e545cc5,Torus.1359
12ca3eaf-0ff8-4e11-8b12-553c45fb306d,Cube
16afb2a4-ccfa-42c0-bdae-8277f2ec91b4,Torus.1361
0ae8afcc-6299-40e7-82eb-bb74a00abe8e,Cylinder
219ce6a5-75b3-43e3-a99d-f097dbc69991,Torus.1364
11f1ac5d-aa99-4f51-b2f6-a906d5ceecee,Cylinder
08ade295-1176-4f4b-99d3-caa1596b6280,Cylinder
20174ea0-7013-41b3-b6e5-ccd0eff4d116,Sphere
08db5a8f-c162-4a84-bd93-e31b68a8a35a,Cylinder
18faecb7-04cf-48a2-8031-6f6f9bcce1ba,Cylinder
1eb351d2-3858-4c0d-8bba-388a8195740c,Cone
1decb98a-6d81-4730-bf07-43d349efeedb,Torus.1388
0b085d4f-ae5f-47e3-bc8d-9ad9ef4cf05b,Cylinder
1c720447-224b-4d1e-a100-0df1c4d0afb8,Cube
007ea3d1-d4ee-4599-b022-dab2a5195038,Torus.1394
1d1c1d31-89dd-4a12-af9b-bb4ddba107a7,Sphere
02329ade-aa3a-4a63-a43a-7e230d92ae42,Sphere
17bd409b-ce0c-4707-a42d-7c878341bdc0,Sphere
118dfaf9-5cbd-45dc-ae89-8a16a2911459,Cone
033e319c-71b9-4508-90c5-1b07de2fd4c3,Cylinder
1bd6fc55-87ec-450a-8c1a-c0aa19d64d07,Cone
0a60a58a-28e9-4c4a-a5b7-465ea15a0d88,Cylinder
1ea7f121-b47b-424b-909d-219bf16dee3b,Sphere
004a9a59-cdf3-4b5a-964d-d228c6b919b2,Sphere
1e3f87aa-eb6b-4642-8b38-5793b954e8c1,Cube
114cfc78-b891-4739-afac-5f9748f80983,Sphere
1763e1ae-79e8-404f-8e18-525e5b7cfd08,Cube
0415f3c5-47c8-42ae-932a-28f2be40608e,Cube
23204c48-d224-48f4-b737-9bd8a75fbfa9,Cylinder
16e3ca92-d842-421c-bcea-877305353cd7,Torus.1424
1236fd61-41a6-482c-8e0a-bef5ec470bba,Cube
0b8b02fa-4614-4dbc-959d-43b63a02e014,Torus.1426
1ea24dba-876e-44da-9480-37336259f496,Sphere
09729812-0208-42e5-bae9-b8699f0fd23b,Cone
23a578bf-2ddd-425c-86c1-7765cb2bcee4,Torus.1434
16fce4d3-a385-4ace-b9de-7ab468f09011,Torus.1435
1f1a91c9-c43b-4664-a161-687dd42a0750,Cube
19dd902b-171a-4d0f-9aff-9ae60451bc02,Sphere
2581cc21-f86f-4eff-8ac4-2a5df18eedc8,Cone
041fa527-43ad-4047-8b06-fdaa202a6a33,Torus.1450
14c195d8-a924-45a3-aef7-378f2dd9d0f0,Cylinder
05e28a45-1103-4093-a2b7-664480991feb,Torus.1459
0fcf0b8b-9f75-4991-8f4e-9e73335dcf63,Torus.1464
22007be5-0b84-4c73-9322-e547ef035b67,Torus.1472
13dae4ad-0ca8-41b3-9bb1-b82d6dd25fbf,Torus.1475
19480075-2495-4501-8138-357bc04a8d5a,Cylinder
0e736717-235e-4713-a417-638a6af73f20,Cube
05ab790d-6fe6-406f-aec4-0ce68f5f449a,Sphere
05cf6b14-9809-43f0-8beb-0a5759d301d1,Cone
0fb3e259-a349-4dfc-891a-f0aa768fde31,Torus.1482
1dc109ae-c64d-4db4-8fad-81ba0b6d6627,Cylinder
06de033c-8444-46dc-a1cd-8b5a60afeaa8,Cylinder
062f05ef-fdd0-4727-bd0a-2c6d310c94eb,Torus.1488
1e0859d4-2321-4f5b-a752-6b5711b969a9,Torus.1489
04deeb93-3852-4706-90e0-7e8277486a6f,Cone
190c943c-83ea-427f-9603-a384fe878c91,Sphere
02843e3e-5556-4202-ac69-6839cbe5df8d,Torus.1495
04dc110e-c202-4424-8996-a829c99e43ad,Cylinder
09313f69-7839-4dde-9abc-ffda72aa06fc,Sphere
26e6f68c-aa74-4aa5-998e-714aba885d08,Torus.1498
08a3e2ba-0f9e-4d0e-8902-ccd03fa2895d,Sphere
0ff21f3f-6a9e-4c86-84e5-d6dd2fcbf5cd,Cylinder
2216707b-d5d1-43c5-838e-6740298d2b48,Torus.1502
1c1d166d-587b-48b4-8d47-e2cf0e1ec5a2,Cylinder
079fde17-8984-4949-84d1-eadc3db94ac8,Sphere
1b5e662b-8761-4613-b19f-cbbf0256b28d,Sphere
19ad097c-a947-4e95-a305-ec70f228249b,Cube
07d1614e-cc44-4cfc-82e6-a724fd2159a1,Cube
251b7b88-a490-47f1-822c-69bf9b3c007c,Cube
267d76e6-d36c-41f5-8a03-3d590cc87c04,Cone
00ab40ce-8100-4da8-b342-b34833500afe,Sphere
084a7eca-ea36-4a5d-b37d-975362a04d2b,Cylinder
277a002e-f503-4b6e-a518-20daffd9fa9a,Sphere
1f530fd5-2d9f-4f6d-b386-ac110a01617b,Cylinder
0a4b768b-755f-470b-a5ac-ed934b4f6afa,Cube
0e3fa441-dbd4-4564-a084-8afb286d94cf,Cylinder
148724ce-45e4-4fda-afbc-0243b8f93447,Cone
17985e15-5c57-4109-9a7b-87c536ae332d,Cube
143b6674-398d-48e1-9c05-950e95f15a22,Torus.1538
18ec650e-339b-4f57-a5d2-20c27d4239e9,Cylinder
1c81e3d0-7742-4f44-94be-25e462a5ce00,Cylinder
19b59875-e627-4e31-9def-7446e88d9ca7,Sphere
1ca5f910-428b-46df-ae3a-02d1ddf6d3eb,Cube
08233c33-b3c8-4ed3-a587-0d25a6b5f8c1,Sphere
0cbeb2f3-0e3c-4b8b-b6d6-0b6e61499219,Cylinder
1a537521-9fdb-4c87-9f8c-a6bf035cfe82,Sphere
01f3d53b-12a5-4d78-8073-c58c7d75ea2b,Cylinder
03f25229-8b37-4ace-8727-db13e6f8da0b,Cube
1a0b9a60-3a70-433c-a61c-0890ca2ef451,Cylinder
27104f4c-14dd-4c8b-b285-3d5cee06001a,Cylinder
277090c4-e491-48ae-befd-05d14ce7eb4f,Cylinder
06ca7fc2-475c-4a63-bb0c-5d8d8899ecba,Cube
05efc702-d7a6-4e51-b5e2-44bca2d63aa1,Torus.1550
0ca5b8bd-1af3-47a9-be8a-a5dc43c3ee7f,Cylinder
0c38ffa0-fd81-4de5-bf4c-417175347d79,Cube
0da5544b-1737-411f-8ed6-98b2ae6b92c2,Cylinder
128f3869-0a65-4b51-a459-92a434508da6,Cube
036eec68-a64b-4c81-8599-b9dbcc4c5755,Torus.1558
1de50d65-9ba4-4ee6-9763-1d0a745859f4,Sphere
19a09437-a20e-4ffa-bfbd-0ff7b7cc633e,Torus.1559
09c65cd0-e061-4468-b07e-cbdcfa1238b0,Sphere
154be7ed-c215-462f-b7c4-0fe83fb6002e,Cube
14761677-b087-4fd5-b997-925f156dc442,Sphere
1d706d93-a6a0-4462-9bbd-cd806f7ad17b,Cylinder
1bdd7f20-4c43-4f8e-8a0d-f7e4c35e77a6,Sphere
00f6ad9b-4833-4cee-8ed5-6762d69dfb59,Torus.1587
21ecc3bf-1616-4ba9-b60a-39f8129e3978,Sphere
1d3fed0a-fbfc-4966-9957-c69186f7efe6,Cone
06aa3675-64d9-4fb0-a6ce-8b658af32574,Cube
074aafd4-ada2-409d-adc0-3546829b8bd7,Cube
09470f5e-b76f-4c10-bc81-1683e1b5134e,Torus.1607
20e7cadb-8486-49f6-993c-feb489f77ae3,Torus.1608
05dc433f-2c9a-4d02-9a92-db76824cf72c,Cone
129d315b-0cfd-401c-8ac0-a4c6842b5cfb,Cylinder
0704ba13-aaea-4eee-b545-0955f9a7f36a,Cylinder
22ce61a9-0ede-45fa-8275-15cc1c4181c8,Cylinder
0fb68c5f-ed10-4cdb-8383-f10a2a90a856,Cylinder
0a1078af-f788-4a99-b6f3-b9cb4fdb19ea,Torus.1615
1d0d2e6f-f760-4c1a-bbad-35d3cfc368a3,Sphere
229fd31d-e38a-4ec0-856e-0e4a9d576e21,Sphere
0cf6099d-b352-4a37-b4fa-e6f7a3d56743,Torus.1622
24123954-a896-4c83-8769-e9702c32d7f1,Sphere
1218b078-4122-44a7-b5b9-b5f2d65a1582,Cylinder
082c1174-7e25-4b13-a558-b39569252cae,Cone
109922d4-1309-4075-ba94-076e3e896175,Torus.1636
0ab10887-b8c0-411b-95aa-6717b80d4e3e,Cone
2121d0d6-82d1-41c4-ac6c-6df0202eca36,Cylinder
21521001-69c8-483b-b448-784c24156784,Torus.1643
13cadd23-8fda-43d8-ab65-f7af0a77fb11,Cylinder
119b51f7-b3e1-45f2-a989-b3f1c19820d7,Cone
1f3b28e0-0567-4c03-afed-95a0909c1767,Cube
05a02c94-facf-4511-9afb-c22d99c15a70,Cube
1e8721d3-1090-400c-bfce-babb9b1dd34a,Sphere
04ad7aab-dbad-4107-8ecb-16614e1609ea,Torus.1662
199c6a69-d4b5-489d-b34f-3db6bc04babe,Cube
0f3899d3-c3a2-4700-b506-f5930a313561,Torus.1669
127477f2-5e87-4faa-a85a-2aa042bcd498,Torus.1670
177fed26-ac3d-4369-bd89-22118c2e896a,Torus.1673
1c8e078a-448d-49b5-9b61-fb5a5f43063c,Cylinder
07e7ec2f-850f-4f68-a5f1-edd20a03581e,Cone
06aadd8c-fa9e-409e-a1a0-473283d54042,Cylinder
049d0653-3c2d-47ca-93b3-cd511ed1cdb6,Sphere
110083e7-9fd6-439f-8e66-f859b5a070ca,Cone
1a7b39ee-e733-4625-bfde-2e8ebab62c4f,Cone
18889bc2-8352-4906-93ac-46ca72523e8c,Cone
25486170-c01d-4943-8978-3070a5cff26d,Cone
1c346b62-41f2-42fd-aaab-6d79257d45f1,Cube
26f2996e-53a7-421d-a630-f539abf17b2e,Cone
20e9d2fa-05ad-49ce-a455-e39df0c7c1b9,Cube
0e2f1fb1-87ea-4d9c-bccb-75cccd6d92ac,Cube
1de18b7e-a13e-423c-b152-a89c78d56ab6,Cube
17771bc0-f930-4a6e-8308-0d2561a76045,Cube
1968563b-7ee8-4ffb-a5ec-6c3823dd8626,Sphere
2052d9c2-0f9f-4382-8fa6-b799db7c2437,Sphere
1ea432bb-3b00-48de-89e9-48c136a36f53,Cube
1dfdd734-6f35-4cbb-833c-bb4b40073350,Sphere
135e7fbd-956d-4a36-a8ed-7238c580871b,Cylinder
05d58dfd-5453-43b9-a587-3d78db70ed1d,Cylinder
0de0c9d4-5aba-421f-b994-6c46d1e87ddb,Sphere
0be5cac7-36c7-4299-b8f0-240a09b0c38d,Cube
1aae7db6-06b9-4f53-a520-acb14f326a3d,Cube
2100f637-e51e-4e4a-a8eb-e9db17997646,Cube
1e0d7d60-b46a-4141-b4e3-2c9d56db7edd,Cube
01a7d523-45ab-4707-a68d-4e95e7f802fc,Cone
1953962b-3023-46cd-90df-bbcbba041e06,Cube
1453f1e2-0dee-4b05-91e5-fc1cca0d8148,Torus.1730
1a4aa2c9-e400-4d7c-9893-ce3c57878cd0,Sphere
1804b618-035a-4881-9802-c6f6dba2550b,Cylinder
09dd5ea1-5965-4341-a5e0-63c59350a62f,Cylinder
1d1ae46a-c37d-4a5f-b20d-92e21f998a43,Cylinder
023a441e-3951-485a-abda-33c9f76f4925,Torus.1751
051c2a07-ce85-4f1d-aac8-79b3b65ae79f,Cube
21301d27-2ffb-4b90-b2ed-89bc02212053,Cube
1ff8fed4-ce7d-4522-98dc-238ef67b8807,Sphere
266897b7-6462-40b6-887f-04656d1b3de3,Cylinder
1345410f-2d1a-482e-9765-c76a64dd74a5,Cylinder
273f0138-b2ee-4ce1-a216-5f45b70ce2ea,Sphere
1d40e09b-62b3-4bf3-8b68-9d2a5b633b74,Sphere
0b8df2d3-739f-429c-a6df-13bcbd5da6dc,Torus.1761
0d178e34-eacf-40a6-9eba-b1a83a9d1e03,Cube
1a19d688-ec72-4867-a9ff-1ecddb0b7b70,Torus.1771
0f01e8cd-8c6c-410d-a137-db9f9088861c,Cube
229bd0e5-f893-46c4-85e6-5bf077f5b650,Sphere
0fb484a5-2ee9-463b-825d-68f5b0e347ed,Cone
0c83339b-2832-48bb-9a31-e1c9c8a7caf1,Cylinder
1d28bce9-0c53-4508-baf0-753dabef8dee,Torus.1779
1ad6d131-9057-455c-837f-d656c73cc282,Cone
0ea35afb-a1bf-4992-903b-899bda3d1d37,Cube
1f2179a6-76f5-403e-a972-cbce588a4f78,Cylinder
1d3556f6-d596-4ac2-9b56-2f36ce119b7c,Torus.1784
095de2a5-748e-414e-a52b-d98248b95cdd,Cylinder
1e2396e5-a8eb-4d67-9633-0e0d18501deb,Torus.1789
21530efc-aeec-434f-b393-4b5713661822,Cone
265717f8-39b4-47c6-841e-027a8a3a59ca,Cylinder
05c3f5de-d506-4cc0-a6be-8af6e7a536de,Sphere
090f6a91-de3e-4205-ac36-45cf8f15a1cb,Sphere
0efcd6b7-3fc4-4036-8f73-a7c9649b602f,Cube
10fc8f39-4646-4bcd-ba17-2f625ce1cbc3,Cube
1ea7252a-cdf2-414d-afb8-e969ce88f510,Torus.1797
1f0976f3-63cc-45a6-9376-e1c1fdb8dc79,Torus.1802
0170eb2b-d140-4911-89f7-66672b86f399,Sphere
0cba4249-be5b-415c-8540-048435718e9c,Torus.1809
0e22de01-0fb0-4dd8-b4e7-4dbd509332df,Torus.1810
1ac3c890-764c-4f1a-92ab-af67d2f72f22,Cone
09469744-9517-46b0-bc5b-b0e4f1b0a3be,Torus.1813
18d7a0ac-3ae0-4d70-9cfb-0fcf5e3ad61c,Cube
0eb15666-164c-4341-bfd9-83e0d6927a70,Torus.1818
0988db08-6771-4ab4-9992-7bf27dae02d4,Cylinder
11cb7a79-b041-4a50-b01e-5bc5ff08e225,Torus.1821
206e5f85-2f30-4b45-bdb2-306e20c21d66,Cube
19192336-0b40-45ee-9dbf-140e53b135b3,Sphere
1a5633b7-0fc5-4a82-84a6-f49389f996d3,Cylinder
0df2f22d-dc84-4245-8628-6459a05dd33b,Cone
251c6132-c915-419e-9cbc-696d83d62f52,Cone
0ce8999f-7453-4878-8a8e-03a2b45209c7,Cone
08486b6f-f331-4f50-be42-cc5714565cba,Sphere
252e9ebd-af10-4989-a4d2-71c06b937496,Cylinder
2011fce4-e863-4816-bad2-e1e97955db7e,Torus.1833
22a18c5a-0417-48b6-81db-3b8a14fa90fe,Cone
0336248f-ed9a-46d9-9683-1c152a3c72b3,Torus.1835
2537926f-fa0f-4d2a-a430-097dba6928be,Cylinder
096da4f0-9748-4182-ae09-cab2a13ffdb3,Cube
248e774c-5aaa-41c3-af5f-32087d52a5d3,Torus.1841
05237ff4-214b-44fc-8809-afe8f11c858d,Cylinder
1cd3aaec-2f1f-44cb-b456-ef45a1cbc6ce,Torus.1849
03f7a241-4119-42af-9589-7c38da065c52,Sphere
1284372e-1b28-4967-be35-39327d2216e2,Sphere
0749e264-1c66-476d-a3ee-75121f517ce2,Torus.1857
1683d446-310e-43a6-9312-2a0c6569ab5b,Sphere
071c06c6-8bb2-4440-aa65-8adfb8cfc5a8,Cone
0b413c07-a846-46bf-bb63-956560ad65e3,Cylinder
11296b56-2cbe-4ad0-b248-e8c37f3dbe22,Cube
0c82e5ac-670c-4a79-b19f-c1b3086f3015,Cylinder
22083d85-cf42-4d6c-b6ef-72eb1af5d287,Cone
187cb651-f6d5-49ef-9318-87eb3e5159ed,Cylinder
15523457-0537-4382-bdc1-e22fd7bc48da,Torus.1884
1a4720b9-0bef-4d63-bf72-4d3efe87a69f,Cube
0153ac80-71b7-4815-b57b-acda9bae03b6,Torus.1887
196132be-e87c-472b-ae7a-03e37d5ec82a,Cube
04d7d917-a911-470e-a586-1cc2d6d52dc6,Cylinder
02a064bc-d180-45d5-a3a2-eebfe009f5dc,Sphere
0262ef42-fb94-47e8-9651-439ced24d4ba,Cylinder
0a79964c-60e7-475f-b4a4-92ca763b0ce2,Sphere
0528150e-0c45-4388-a0cc-6024d61e0001,Cube
1063f147-c68b-4ad0-a950-2ca150b52504,Cube
00222dd1-5bee-4af5-8f26-6332331fa31d,Cube
06acff3f-190c-4096-b1e4-9cb70a0be023,Torus.1915
034fe961-e55e-4f2b-abdc-3392e3f8daf8,Cube
245d843b-92bb-4a65-810b-6bf144b245f5,Sphere
1bcbccc2-c765-46bb-a4d6-593b6c24109d,Sphere
0dc89fd7-e506-484d-b3a4-bbb695902d9a,Cylinder
139160be-8719-4166-829c-63aa5cfab7fd,Cube
154c81b3-1cac-4c39-86f6-4ab0d2ffadfc,Cube
221e2377-4246-41da-b641-15303881bfd5,Cone
0f630418-a597-48e9-b360-fb11372e9a8d,Torus.1931
13d6dc3d-8059-4b0c-b0a2-14d6ecaf2ea3,Cube
2131a80d-d02c-4ed3-bd3a-d5215930957c,Torus.1939
0c1c0e9f-7a93-44c6-b3d2-fb42b988c228,Cylinder
0f76edfb-af37-4f89-af7d-3c1226190eb6,Sphere
1b3274fd-3be9-4c4a-b70b-43e8f32f27bc,Cube
22ef14fb-b169-4762-9bd2-14e7a41b5178,Cube
1a88a090-0f71-4104-950c-b5bd7928ef41,Torus.1951
2182b7fa-d71a-407f-aaef-5a241a723d7c,Torus.1957
07edb0e9-b097-4879-9dad-f9fb5776c350,Torus.1959
12bc43e0-a4ea-4489-8227-49267ca63b14,Cylinder
1982ae35-5ac4-4367-b48b-d189e4a9f562,Sphere
11796356-6c8d-4bfe-9540-b451a976f434,Torus.1960
040f1db0-b061-47e7-9818-f0149b61bb65,Cone
1b079236-2e70-40c7-a049-35c22fcd95c6,Cube
108b468f-69f0-4076-9065-00ce5e91115c,Cone
227c6f88-7101-4966-85bb-83eac8848f95,Cylinder
0f5e66b2-cf6b-4a8b-8aa1-9cd05591d650,Torus.1987
1b1395da-331e-46a3-8ce2-d71cc98ca8a4,Cube
05cdd32a-1367-4b6f-a43a-94f8d8e3d496,Cone
107cad2b-17d1-41b6-92fd-9f6e6947bd6e,Cube
15f8328a-0147-4a4a-a976-3bb2d9a0d09f,Torus.1995
2025986b-e041-4f3a-8634-63568487bcac,Sphere
0634dbc2-9816-40a8-8a99-602c6041216b,Torus.1998
20480871-cde6-492a-926b-ab18849dcd99,Cylinder
0821d8bf-3313-4dae-a813-5fde88eb6703,Cone
0f96cb94-7daf-402b-a85e-10c6904215a5,Cylinder
0b63c019-08a6-4dee-af22-e065110cbffe,Sphere
18fd7409-9011-4ac6-b706-bef3368277cb,Cylinder
0a21c42d-0316-479b-aa21-979364bc77c4,Sphere
07a7b695-a5aa-4338-909c-7bdf93dd5508,Cone
1f4f022f-25ef-4df2-b948-251fe7327425,Torus.2002
0387f858-4c7d-4caa-a631-195120e042a0,Cone
2524cc59-c552-471c-870a-803fe26132ef,Cone
061dc17a-275b-495e-8695-abaac3e7729f,Cylinder
0678e3cb-f992-47b3-a3e4-fc9af7bc09b5,Cone
040d268b-ba47-4893-aee6-7161691c11f9,Sphere
0ab0a45c-4260-46f6-9472-8027daee367c,Cone
091ffff4-6143-4eb5-a6d5-ff4c09434b1c,Cone
147f4898-9854-49ca-b3a9-0252d356320a,Sphere
157715b2-4f32-4d5c-8128-e4e75d3314b2,Cone
1367028c-afa8-44ad-8532-ea3e357d851b,Sphere
09d14537-b4b9-4e65-8592-a4ad6228f1f3,Torus.2019
16bbe69c-06db-4089-9fe5-98cc02f2edd4,Cube
1563ab8f-e9bd-4c0d-8790-eea803b2b9c1,Torus.2020
1ae75d8b-e0ed-4762-9928-3abe0b2745e5,Cone
0bd6f2d8-f5bf-448c-a158-e0cc6dce2ba3,Cone
1303b0c4-c6d8-450e-8bab-157f89b0671c,Sphere
0e9dc661-8050-4be9-90e3-9bf994fff76a,Cone
109c304b-5e11-4dfb-a7d6-d7206ba1863c,Cone
1e220704-e5d5-4596-864a-2fd3ab48fcbe,Sphere
222bdb7d-32e4-4499-988f-b91d0c7018c3,Cone
255e1024-5967-4247-9de9-b595403f6bc5,Cone
